cpu_util,mem_usage,sys_load,age,priority
37.454011884736246,231932,1.834347898661638,7,1
59.86584841970366,1203462,4.458327528535912,10,2
45.92488919658672,1012756,6.011150117432088,2,3
2.0584494295802447,887201,7.219987722668248,5,2
0.07787658410143283,203355,1.8340450985343382,11,2
61.16531604882809,1089436,4.319450186421157,16,3
52.477466025838915,1533257,0.46665663213615427,15,3
23.277134043030422,1278557,7.851759613930136,18,4
38.24619912671628,1477523,5.924145688620425,2,3
85.99404067363206,665894,1.7052412368729153,6,2
1.3264961159866528,1419512,9.656320330745594,17,4
38.54165025399161,1565689,0.9767211400638387,19,3
24.102546602601173,778843,1.2203823484477883,7,1
3.4388521115218396,704365,3.910606075732408,17,2
66.2522284353982,905889,4.2515587449124475,9,1
56.77003278199915,371836,9.695846277645586,11,3
93.9498941564189,1371741,9.266588657937941,15,5
32.65407688058354,664685,1.959828624191452,7,1
84.45338486781515,1172876,2.713490317738959,12,4
14.092422497476264,1986222,1.652669390630025,6,2
42.340148070636964,1604384,1.987156815341724,10,2
19.884240408880515,1837095,7.2900716804098735,0,3
60.59599747810114,234633,3.5846572854427263,8,1
91.49596755437808,1943400,6.232981268275579,1,4
9.541011649041131,1013910,3.109823217156622,4,2
72.96061783380641,1605127,2.747217929900642,2,3
47.22149251619493,239182,7.13244787222995,0,2
72.17295211648732,723094,7.70967179954561,6,3
4.043358953843135,1017710,4.275410183585496,9,2
43.93365018657701,353618,0.3142918568673425,6,1
47.53702231821117,1333916,5.085706911647028,4,3
24.929222914887493,1073548,5.398410913016731,3,3
94.2853570557981,1099238,2.8975145291376805,1,3
62.43540481337932,1060061,6.334037565104235,5,3
45.653457048291024,867595,1.8657005888603584,10,1
32.434502100527396,175766,8.960912999234932,6,2
90.6828441545754,785440,2.279351625419417,19,3
35.2568856334169,502690,0.06952130531190703,7,1
53.4089419375442,1938756,6.924360328902703,9,3
33.7615171403628,265838,1.6829104217293056,8,1
40.383617105804085,1986013,9.717820827209607,19,4
24.68760628386012,165318,4.972485058923855,16,2
14.808692995339989,881239,0.36886947354532795,16,2
97.66149558326529,1785723,0.5147875124998935,4,3
34.5071248026683,417824,2.395618906669724,1,1
53.09345833171364,225657,9.856504541106007,3,2
8.085332633271525,209751,2.3763754399239967,5,1
36.77831327192532,206081,6.335297107608947,10,2
81.6431873219384,122671,8.35302495589238,5,3
69.58128067908818,411955,3.2595890520188475,3,1
1.6587828927856152,1707618,8.095010461397154,19,4
64.51727904094498,314835,9.40523264489604,7,2
38.67353463005374,987121,8.37710105907328,10,2
34.10663510502585,925816,2.090716207377137,9,1
25.79416277151556,1457563,1.7495492709593619,15,3
55.52008115994623,1619163,2.60829174830409,0,2
9.310276780589922,1144107,5.582934536070976,8,3
27.887135259218187,798002,7.259556788702394,2,2
85.63242918780925,1007317,7.798755458576238,19,5
8.413996499504883,132711,7.853406511139436,7,2
60.642905965958995,1852290,3.722827665617431,2,2
97.36638367553174,1086001,1.6080805141749865,17,4
48.56137535862266,881474,6.519612595026006,8,2
17.592525267734537,138467,2.3724908749680007,15,2
74.64914051180241,1039903,7.441705230565622,2,4
65.76128923003434,1979072,5.425402305548993,18,4
63.63326181858954,1548685,5.898708475605439,5,3
39.30977246667604,1547687,6.311386259972629,1,3
35.00784076946757,460032,5.769038846263591,0,2
19.52429877980445,1320412,4.991933798847523,3,2
2.431596643145384,730271,1.7711067940704894,13,2
91.48643902204485,278274,7.4771877389741395,4,3
92.83185625877253,231373,9.666548190436696,2,3
98.03315837160457,748307,2.944488920695857,0,2
31.692200515627768,354079,3.726868670940493,9,1
93.6154774160781,1083609,9.300168348108318,13,5
9.717649377076853,1221567,6.711435168240506,1,3
25.416364906973875,1683593,8.773730719279554,16,4
84.86697949246744,1778728,7.024840839871093,15,5
55.281997690790774,630089,8.093611554785136,2,2
25.620694359445807,897079,9.132405525564714,6,2
50.15162946871996,1930931,6.4996393077776515,13,4
79.57926694361011,1632875,8.866171489506598,14,5
37.5582952639944,1096161,4.38474123018087,18,3
46.55980181324602,805086,9.818408883105311,16,3
3.7348188749214417,1538533,3.0326551467322282,10,2
12.706051265188478,1262208,8.278690037875887,11,4
96.52518303907698,1104646,0.85347464993768,12,4
19.438003399487304,1049597,5.406351216101065,7,3
72.60913337226616,1243052,9.69536867114159,9,4
32.2956472941246,1235248,3.9882090144479454,18,3
43.89714207056361,1523286,2.508605273466612,8,2
68.84999007653664,478496,1.7329432007084578,0,1
44.235222973110446,277247,5.4922666470612045,15,3
18.286599710730734,287628,2.7993389694594284,15,2
51.66962574265666,1702239,5.543540525114007,2,3
24.773098950115745,167215,1.5864644764249103,13,2
9.179906581344188,1848014,0.40728802318970136,13,3
97.95105286215086,260196,4.741738290873252,15,3
80.69129770507794,584963,1.7320186991001518,4,2
39.85047343973734,647337,9.491457315913859,3,2
4.530400977204452,533374,0.1530454029038475,18,2
50.31362585800877,291232,5.393774484000625,12,3
16.29344270814297,1200567,9.438916045607572,1,3
2.6511310541621813,1501727,6.364035974460113,19,4
57.5474177875879,636226,6.432882184423532,0,2
81.1204176736003,1504330,9.41464808776525,2,4
82.0426843771268,604999,9.053506419560637,11,4
27.396112732113377,1103531,1.0077800137742665,1,2
3.896313231023363,485777,6.830067734163569,16,3
65.57226353807421,712956,8.448753109694545,1,2
26.06945282359031,1955366,1.1816482762165625,17,3
62.8942846779884,231484,0.39186326675646255,3,1
17.743954377972283,643176,5.685202837499583,2,2
99.05051420006733,185999,1.276897294224656,16,3
77.64129607419969,1892662,9.307573256035647,4,4
23.85968597903402,775510,7.508710677914974,2,2
10.31238688359326,998320,5.343274735305634,19,3
82.64574661077417,1068021,2.9763517450931087,18,4
38.92016787341631,509995,9.585414968831984,18,3
9.128667678613356,1207739,9.50061967050805,19,4
57.34378881232861,105486,0.8328441119525964,4,1
29.321077169806454,320184,5.537030523458007,3,2
94.61945428816902,297775,7.896181427945539,12,4
93.09291056872925,645977,0.5755876001664428,4,2
73.70355567910089,174460,3.5091501255207866,17,3
96.86519439741349,279208,7.615106317174723,11,4
86.68687053108414,537477,0.8410680611499743,12,3
22.257641757103052,818216,8.218600592903563,1,2
8.134878064189976,1667908,2.332280724245278,7,2
37.427079575612034,257504,8.803599686384167,16,3
94.72485773838586,792440,5.918887388212843,3,3
37.62595855309158,119870,4.816669879641154,11,2
55.840424973580504,1791738,2.4872415443028792,18,3
11.119748230615134,1979490,2.5368217387313874,17,3
46.86606419941263,748249,7.409738609106683,7,2
11.752624677710488,1321992,7.442116569432979,2,3
58.336876509715964,1210205,4.002228928720248,16,3
8.289132169335423,313920,2.235958385194526,5,1
80.21092490267341,1653068,9.69878826707639,14,5
89.11431136980711,1634837,9.24643330223596,4,4
25.29901679892411,523570,9.69302535619099,17,3
16.62154319092529,152528,6.957486889846171,0,2
62.75580800840635,1517077,3.8420183137921993,10,2
28.096318959223034,1028479,0.5786389775770739,5,2
45.56567527857129,166203,3.356600647969632,3,1
46.36984049399822,1495385,2.2939474570494967,4,2
97.43948076661665,1693023,4.532408468288311,16,4
27.976350716894572,417428,8.137950197069486,15,3
16.26169393448913,1313997,0.7620037959916315,5,2
94.9799913291924,673695,5.811626211808263,1,3
8.274842003530614,944573,8.660638895004084,12,3
16.483426113700094,625303,3.7646336687804958,0,1
48.03700818663547,1915790,1.5041689110352818,16,3
83.83287047111378,1953025,0.3682186763599138,0,3
1.3671964826997285,803286,8.647223762550531,16,3
53.434627502946306,1813796,9.966368370739055,4,3
72.61208440718481,1153385,8.496473906774115,16,5
24.108483232963184,1187341,2.5144243951179845,12,3
60.617463445088006,646237,8.782206674791922,7,2
61.81282404578958,1184763,2.6867248202530734,6,2
67.15731955927996,1337665,4.7621069678901415,2,2
52.01635011119934,661419,8.163857352130623,11,3
56.093797153538624,910717,7.918178394696329,16,3
13.401522845064074,639542,7.55137255673619,13,3
70.40797680992236,415826,9.031510586766263,1,3
35.058755880659696,417537,6.366443216222826,14,3
43.747492202372904,1603678,7.263970326502283,5,3
45.09104474161044,1453038,3.9654278232127016,9,2
86.23637087467452,1396516,7.964717756738773,9,4
92.65876251614944,1891305,7.689177413153975,19,5
45.913575623826134,323777,6.208056844220913,1,2
32.875161028750824,529802,5.796499344717384,10,2
7.586332810866391,779574,1.2804583895777244,10,1
13.882717264941014,1172647,1.8006727234929853,3,2
34.56672833238632,1405794,8.743176048544171,17,4
60.19353955409602,1028818,0.40868616266478863,4,2
34.508262782238674,1185244,0.3180468148516513,5,2
12.06358711006008,1515400,3.559914842719861,13,3
36.42698610480755,191865,6.903948286293653,8,2
9.229058622874609,909006,6.279003894909078,14,3
51.165701354726124,1128202,9.208724005318132,16,4
27.687764814720374,310176,0.8451700768068193,2,1
18.45210193563773,1667438,5.365906459873325,13,4
61.825477153029595,1222262,5.312657539735341,1,3
74.74709381337566,366765,1.477390919062267,18,3
71.33495858845524,904462,8.444406726336288,10,3
53.211348526531566,1123980,8.672149810747232,5,3
53.261726645502314,1315502,1.048691665324809,4,2
18.228387847595805,101062,3.220791655831783,6,1
8.92043287120562,870173,1.1976213181925122,16,2
34.29268642782603,1547960,6.791023191444896,2,3
64.8822840291576,486193,0.8692028808742369,14,2
73.68224753949129,637198,7.4543947418433,16,4
56.44585425226413,1623241,2.8377590579872445,5,2
89.96473971450123,672735,5.707783046689119,12,4
33.0348481280914,521240,2.372267917359945,5,1
36.535681967405765,172303,1.6068137325955567,10,1
8.788762454014387,962557,1.7337359529475482,8,1
8.023374566164222,518034,0.18242481428361046,4,1
98.23786169086064,1055614,8.966102629740208,19,5
96.94704332753689,1271459,0.05300006397605417,16,4
49.07487792587845,1130117,6.68643219924431,1,3
55.67628930139298,1489959,4.76619484126412,12,3
76.94929331919369,237541,9.679940665042343,3,3
42.54364386164168,1329024,7.362471836984882,11,4
11.483682473920354,1253113,7.677795014428388,5,3
58.123822142261226,382762,9.320143422569341,12,3
53.258943255158584,382272,3.6923048150989612,9,1
54.86031179381532,503081,9.899602323899453,12,3
68.45715478798333,1157088,1.3882477344202038,8,2
76.02278598896865,1920618,4.731662010518923,5,3
41.18409141472685,1111293,1.0669925011343606,4,2
83.06194077877291,886667,4.085182929359169,10,2
93.83404568210378,446699,3.792285849638004,0,2
74.11206492900591,1192501,0.4809464396408769,7,3
82.79408871774919,158596,2.0162732004774453,2,2
16.426579793099293,622244,2.3569174606499974,13,2
52.30654247691193,1955619,3.1619658229649463,9,2
39.244510742263536,929735,4.519486012990392,7,1
37.69444294249076,1291602,6.2410154418183765,0,3
74.76093801762511,1298222,5.7748627090612565,16,5
89.95745732745685,538774,5.31857479688174,7,3
22.902539092479635,1684166,1.1689804070836407,5,2
33.281578591248426,445266,3.3490561465708613,19,2
79.4025189270296,1416128,5.334610919763215,6,4
57.315084925738866,675644,1.5167487973275118,0,1
70.69804612434591,1180730,7.43946292572677,3,4
56.98896848713165,1180841,4.939814871308626,9,2
34.20817487159075,1596972,1.1063173695520723,3,2
45.700021928167835,1999443,3.9728729056036727,7,2
14.991742734877377,1162958,4.089551770854932,12,3
72.00365365460743,247550,5.9844270120522705,3,3
54.27244433475962,1535434,5.990293647773265,19,4
18.159771680142565,1162729,3.425242571785434,5,2
40.08514167636399,494030,2.8792961647572612,10,1
15.33514031160802,1355564,1.3911619414306187,17,3
61.14542354346478,288014,7.260955860624008,10,2
93.21182824836124,923651,9.187505222607465,4,3
92.24993811772957,990695,6.513672109882461,16,4
57.62883601668132,1258521,0.6892153936721879,18,3
73.64442356247228,1323975,8.40439631980423,10,4
45.08393714041321,384260,9.848411989623346,13,3
18.632087949412067,479862,9.208418826173723,18,3
59.127543574492925,430388,3.7930569838554886,8,1
20.55798083756375,925656,0.04632023004602859,8,1
11.426730005568775,1998739,5.373956029379229,10,3
92.29602317984849,1680934,3.469532018962277,1,3
91.84547249393012,762143,2.2460482293998196,11,3
91.27494628791288,871253,1.763869865062233,6,2
16.55133174279738,906388,9.148459010681,16,3
78.04957075460877,1145482,6.322642879195303,17,5
66.35373720167107,1395302,9.755413156827563,8,3
14.866272775311295,414997,8.606320178907339,7,2
50.21950103312426,830880,3.099369262686109,18,2
20.990559309558577,551282,3.49386999049333,16,2
3.654966784809488,1763261,8.36564813292333,18,4
6.570863942835237,688365,7.140591997898282,17,3
52.439026932758004,1530491,4.810879483875859,5,2
76.53562810662406,1334816,3.3436281131048218,6,3
75.32462207474508,1513897,2.707446731435538,13,4
52.65784666592938,1885910,1.5615259736619036,17,3
86.69937600115234,1258151,0.2709599250348349,2,3
23.10747965880714,176218,5.055078791060338,7,2
10.410858198457385,578446,5.694435177635003,18,3
65.27461078518748,1774222,7.2081309631050665,2,3
24.317219099945408,525037,6.031974021769796,13,3
83.02198645669915,1005667,9.444097255772734,13,5
29.314773026101328,1559119,0.8692501495034932,9,2
8.550853085446807,1675062,8.481280954668835,15,4
18.143543508979732,244931,6.429255636142532,17,3
89.26717110769748,360910,6.247612710432511,10,3
25.94234334312925,1379361,3.6305921219509054,11,3
83.06545065652497,1096261,7.738345232013403,8,4
43.61265291353167,238155,2.195105250809587,11,2
14.011317576645254,1405289,5.657766199665605,13,4
47.10654526938144,1855856,4.8477836715034615,16,3
26.867735938494608,659655,6.988458531609044,6,2
21.802310749408647,248757,8.34930236799299,3,2
13.22762111253304,880316,1.716792858483035,4,1
1.8390676547466733,1114929,5.2966167865508105,9,3
57.651647551425356,655941,0.6717539991571009,4,1
65.14203883518643,752665,7.202025816322958,9,2
14.0018538660449,151226,9.00018641848105,5,2
73.21845784590624,1140993,6.005168604336534,6,4
57.32943781794007,1029168,4.187705248920731,13,3
4.696596677505505,1249947,9.586271773132205,0,3
8.279866792512646,635843,7.709859255354785,10,2
28.869373677069987,976031,9.15513677291914,6,2
61.04046670079576,478165,4.760504021990997,14,2
95.40869365396331,1112117,7.325720972102503,0,4
26.99112223921949,1354126,2.622640442998251,2,2
84.15296603100434,1029616,4.963662472012364,12,4
15.467214088323622,1326952,7.7091220374582194,8,3
7.513778173580876,793264,4.127935506067523,10,1
59.82860582681546,997048,2.464020332391068,2,1
7.776534407895708,1758987,6.946964708544268,5,3
59.023066686908706,675762,3.145965568094109,16,2
13.68186309189614,280553,6.905602324456406,16,3
18.513292883861965,1805277,9.581707930039304,18,4
73.22248864095612,1855796,7.590358455388499,4,4
69.22765645178525,420197,9.805768001799882,17,3
48.942496364314046,177454,6.931752114569248,8,2
94.40593396866133,1664718,0.44165437710100175,15,4
92.52483174156659,1816118,5.558065814371797,6,4
3.394597858579884,764180,7.310236714582816,18,3
92.43961953765304,1625233,4.2176265973051255,17,4
74.50645481202204,938003,8.445493985350703,17,4
52.243457607116895,166150,0.3700763471549262,2,1
56.0677194003514,550348,0.7695320162920916,4,1
53.02651326349002,590457,7.247667715287615,11,3
57.24277594334657,1242647,5.394912923753372,12,4
62.58913764370091,1111727,4.268170566548644,11,3
23.295947475363377,223618,8.700988739009299,12,3
52.8937134027212,541759,9.325899094252529,6,2
0.9485433628498074,1980092,7.671882889311269,11,4
62.75054632183701,709719,2.716869710690041,9,1
9.169933511143014,1959582,4.213570022770702,4,2
73.22718071846451,1889616,1.1047411313139466,13,4
29.70028764548822,1314449,2.963081204559901,4,2
4.209318963636188,1370464,9.103391020575343,14,4
42.77731337358623,311760,3.9163014054035603,3,1
21.825388786506416,1191577,7.979893221433834,4,3
8.94110023122595,530789,9.823305150800817,13,3
60.079844644219804,1833693,6.134113892107077,6,3
99.11686261369765,1072346,4.015802364254874,18,4
51.26885110165086,963561,0.46945357147813005,8,1
18.643826214425452,1335202,8.26205695793966,4,3
5.784267656339637,1614542,2.163240230365535,8,2
92.77522831952129,1297945,5.250315008602682,9,4
51.52479243147259,1044189,9.963357758067243,2,3
81.58331249906178,1472133,6.229373829351187,14,5
3.486516023382491,1775843,5.8008620783781115,1,3
45.74320977737073,342615,2.6560004258870604,8,1
4.437666353323677,713089,8.621276172654506,8,2
32.9051365369871,1977528,5.5085737060913935,1,3
40.845321307069874,658030,0.05082139818025966,4,1
4.878358167317309,1714737,0.8104621590764793,15,3
68.32587636595959,1235564,8.512069140487688,7,3
88.29062691374612,626684,9.0651371944458,2,3
34.780920790219305,1310209,5.437789079973992,12,4
26.70282701694213,1010597,5.212603121804149,15,4
65.84518346584255,590042,8.672942009598025,8,2
33.40088787452379,1855692,6.974714616692836,9,3
10.583409382858399,1217850,7.527166395576412,6,3
88.16371327703501,1722572,8.71843527745232,18,5
87.90714802281316,1226825,1.288698674734452,10,3
22.86251615249235,142534,1.607598960483082,3,1
55.6181735039757,1337580,5.074677337608362,6,3
19.313286458729305,588972,6.169269183757422,16,3
55.98443123088295,620551,2.5980358106415977,12,2
77.98453951511436,302053,2.833429482655816,6,2
54.12665786761103,535423,8.401215027412189,14,3
93.20281055100175,1099701,9.372284872364512,3,4
6.78370591051719,883066,1.6637758693227234,11,2
6.73506014687717,697897,4.735738884350885,17,2
87.15368061523763,1579359,6.760522571867544,11,5
74.96518317429248,973698,5.943958592285453,11,4
2.458691645880151,748074,8.21512947407441,14,3
48.864319040466576,1765970,2.525087496883822,1,2
27.362666628166586,332732,9.443036349578298,2,2
45.13870243296755,313030,5.270240962118621,10,2
22.07696127887604,1602337,7.728227800168045,19,4
65.45112142811352,1432762,8.680543225322928,11,4
3.130231374751624,1444476,9.436159201675988,15,4
85.73600920924986,808691,3.9759439796279428,4,2
98.39776479598282,762784,3.2074274043812743,5,2
22.995460589108617,1019484,2.0035914354871265,16,3
65.1666825375885,1655979,5.627502863433826,11,4
47.32099066915572,1903847,1.5924573827926447,16,3
9.116449040619168,1550503,7.70921844644052,13,4
53.03543937282561,1318758,6.262203216314154,11,4
3.2526179491251916,1979867,9.675112636137777,19,4
79.65372909761763,430904,0.012318351664258875,6,2
12.518579220255043,179083,2.475399556033752,8,1
20.052472670033673,1747608,1.6082546907819006,1,2
79.75591006371882,1402922,9.84351407402904,16,5
1.1620539908100636,878513,6.8045662635932525,17,3
47.99388347171235,1865982,7.218876279269351,10,3
69.49818861265426,1212864,9.52648638038717,8,3
3.9618825348357145,264053,7.491616391012831,8,2
24.204501586252746,1536536,5.709045018441643,14,4
49.888815345135605,1769211,7.024649705441039,9,3
77.5804735792956,1472401,3.2646130824399187,1,3
53.42422059764451,998792,3.5062693120918076,0,1
82.45140468968339,1729849,3.9692327620159604,1,3
97.74663863147858,853753,6.894649691372657,17,4
82.14407280098665,821001,1.6748258225906976,16,3
95.15499743553269,944092,7.064757264869011,5,3
59.47766373769361,1790696,0.5197128365147241,8,2
70.90605194509165,1661863,9.473504626310387,19,5
33.94501925428061,1697690,4.843984475740406,10,2
89.48166560605276,1083939,5.974758626319301,2,4
4.075410609247276,1926491,7.315895217553319,10,3
72.48265598740583,172715,2.4710323401014644,12,3
47.92789285762873,183186,2.192139873580443,13,2
33.68957917711069,1176956,7.896985071424791,18,4
16.167254414680265,1617509,7.192017782722639,4,3
99.63339160567419,889352,4.932768467837995,9,2
40.32613611238318,1587292,0.7219840897917584,14,3
25.76828885112137,1047531,1.7419333657825364,19,3
62.876481820594506,1960971,7.677238880667803,17,4
86.70314961224486,366847,5.880583780900793,1,3
48.666894142470284,1716449,5.977235652558644,3,3
42.17209268734554,1964434,5.923503285933622,11,4
38.38471518677963,1012935,8.359980637812095,0,3
13.15676851272598,119975,4.053101830857434,9,1
23.754332492387764,974829,5.1261520520580515,4,2
85.4385093369579,488076,4.371653888168265,14,3
59.291839983178185,1445766,3.5923336939976567,1,2
9.526150795462629,1250096,3.910815366517607,1,2
85.79862539227058,1136548,3.251900642246949,7,3
59.87139801001076,853315,9.698210450785448,14,3
23.46740382615511,1856169,0.7349674733001266,13,3
33.08893629891719,302332,3.3700317643128628,8,1
43.08875236618059,869299,5.878843711103869,11,3
70.67772168854458,313567,3.592507479162456,10,2
73.64020150656405,1089156,5.3351192529969556,16,5
84.41704489691972,126155,4.463686465125855,14,3
86.82712805132586,1280267,5.399058395022125,19,5
26.974961151698963,1870440,5.31169528001032,19,4
5.169683724152696,1622688,1.221099140100268,5,2
18.001043747272348,858842,3.161561049767505,16,2
58.467070044258875,1043115,1.4834320096208886,17,3
96.51186964360456,345546,0.17379790185479638,17,3
97.30977480703464,246470,4.547398556338591,14,3
52.17300466362131,1681974,6.668642575461043,19,4
12.574151180664883,1776925,3.079299415911909,15,3
93.98197919268418,497686,1.623818946623209,0,2
73.08294748708764,1827132,4.437502193045711,4,3
96.3346832820399,1919822,6.926259522261645,10,4
68.32480282896458,548625,2.4414729042237426,7,1
86.46088359550367,588011,1.1310981907657303,13,3
91.86777969935042,201376,2.1567515239771717,15,3
82.68388837118775,1620708,5.771852367117481,1,4
99.94137257706666,1648229,3.1811155361811947,0,3
40.690796072287064,735567,7.524277626155725,12,3
28.86855955306381,1057386,8.78515561301348,5,3
32.70331615632387,584965,4.381723464119877,1,1
76.22851347766158,1393590,4.35583314812933,10,3
37.56722518817265,338389,6.490746587943931,14,3
63.02087483291442,858470,5.634389273484588,18,3
38.85581012703457,1363008,2.375441308743275,16,3
44.441945275120155,179973,0.7319592376844364,2,1
16.844438514271964,1602025,7.59344327922866,8,3
37.978578017922985,325049,9.514785596659912,1,2
47.9181877629731,1179924,8.137662883195864,11,4
14.899185597019471,1202127,5.801723692273323,11,4
47.66954750411592,1484490,7.6488326154212825,5,3
74.68757161358226,782347,9.555236959549347,12,4
82.23934188170581,950538,0.0756287497814212,14,3
7.12802700551639,401454,2.4348229657629927,10,1
38.00745089372053,1718243,9.344360268055143,18,4
10.142082844921651,237084,6.173517574129742,19,3
67.00960346109417,1846588,8.030258978326634,2,3
58.09320532627977,1263369,6.103337833109183,17,4
39.99052068041562,798956,4.135491015253515,10,1
12.322265417216604,275211,1.8143834769562694,12,2
18.4585129537033,1630814,1.0687692309474384,9,2
18.522844654740965,1268311,9.629268752375799,3,3
8.703896258765864,1469909,5.502265421562617,12,4
63.31513755940223,1094170,0.025840148449823852,8,2
79.37438503805163,621998,6.1098098885099175,9,3
90.00231233980112,1792367,5.566370579367172,4,4
30.206050183479505,205111,8.226143185136785,6,2
66.75498992914704,1476401,7.666561352004059,9,3
45.17676787372291,884625,1.5298380082856267,16,2
73.68737449441821,117633,4.728919656331821,16,3
17.844596522777213,1216964,6.4197150044326605,6,3
54.669741271407005,157993,2.568838476457148,12,2
59.4476335186173,893853,1.4177439352710186,2,1
59.70469168956917,357681,4.043187681042921,6,1
72.45168513986181,942186,9.912559937021882,13,4
10.410964938416633,1035129,3.372271327554204,6,2
77.26227274493826,1160899,0.8565824959643054,0,3
59.57507281889567,1427176,3.2337156211552074,5,2
35.49963058319373,477539,4.424099364806695,1,1
66.96026161339618,561227,2.3371208191043302,7,1
88.00790875614582,1143445,2.3082918915401205,2,3
19.03248628190678,498465,9.941393612211675,1,2
36.2944271845992,1660354,7.306505102392461,19,4
6.0142342600785215,1324491,0.8876739410776846,4,2
17.530294235765965,372670,7.548378199408478,15,3
40.94778530052039,1499453,4.503709362581851,15,3
0.12366797594094425,408623,6.64911724487218,19,3
47.488654350621864,967869,2.3464208185545354,18,2
15.241601333041743,1371300,7.371802250072431,11,4
24.365671606386663,837565,5.209579772720422,5,2
25.704726643207987,1407079,7.552704204968079,0,3
60.84864126597913,110699,7.820280876703859,1,2
6.310903307915017,1792128,2.2735730009609876,12,3
36.01364074715191,1132532,3.4632176858900356,8,2
50.97242467516981,489954,3.969815170742834,3,1
87.33366617238478,714661,9.193919732144174,10,3
57.458738231776664,826331,8.514249577450958,9,2
50.115299918200975,985296,1.163663978854761,17,2
62.795005277263584,291703,5.324811925594261,13,3
80.59254001176211,393894,3.046791390980408,8,2
32.252797784641515,1959234,1.7352451498650867,1,2
22.361443449631125,1352557,9.756102008599148,9,3
82.24805636343609,960952,4.793544401378518,0,2
92.27571905133944,1154477,1.3919802461752984,15,4
76.48098009029954,245788,3.1753144787673704,2,2
39.86630277723131,1723064,6.663068858350397,1,3
6.817230938549357,1909377,5.0610755484675085,14,4
96.31151115891738,1015387,7.767236304716927,12,5
93.64491738836605,652467,4.3951168863291015,5,2
0.03325061204894064,571082,6.195879548978295,18,3
38.64608411591471,1715777,4.5980042376932015,1,2
48.46015870188647,1591633,0.5778056099636664,14,3
98.36789252634136,1863410,1.706647585499984,8,3
78.26960407441493,1176717,1.010458110106467,15,4
69.16180555693194,1714432,5.094221281497897,6,3
22.889460484661363,1060612,6.152194382310109,19,4
17.375259566229452,898843,8.480158852494014,17,3
13.071037674019948,1705235,4.047984290851998,2,2
36.77593508772896,388859,4.816348465348623,6,1
73.3614380561402,1224949,9.63822275482351,1,4
13.380373627948872,630836,0.19192276823056686,14,2
58.21482297799723,1434742,1.3710970572899905,6,2
61.894819300772156,1209004,0.12120774643893273,17,3
62.92988060107362,640340,8.015371118829895,12,3
4.263320928703274,1452144,1.097361986775035,10,2
45.43773345599609,610259,2.660192780053807,3,1
86.46603921404177,1448207,7.373570773877996,7,4
81.06859279862663,1439100,3.944762785700353,5,3
39.23937215284745,819401,8.920846889402345,8,2
10.21495296575381,103191,3.1540689574801273,0,1
80.8883461636328,1152207,2.5467062204605115,9,3
93.03188848378237,652959,9.017619921354235,10,3
49.54521034609818,608679,8.951177407065364,7,2
22.696469436536415,1091120,0.6665204056068996,12,3
15.016900081704165,654399,9.882752710001313,4,2
4.783082039410546,1921895,0.8479201604580322,10,2
65.90355342036808,1700946,0.712567277652586,16,3
95.65013982994802,974772,3.8759523148276953,13,3
99.1588408870274,301139,7.746535311811819,6,3
78.38426767676738,1599698,1.7410933533408435,4,3
54.96160437189245,1012735,0.6871283251826776,9,2
2.094496103091281,703103,5.146575865735116,16,3
29.544477747742025,873887,2.2784241754310997,8,1
38.19396396528959,619089,0.10427699397403067,3,1
61.50129680388666,1043693,0.6925430628585993,17,3
32.221550344462834,1103171,2.928220367009647,7,2
11.395663471431716,854444,5.824226582072464,15,3
81.17697880901376,1081883,1.566384369738083,9,3
33.82675059944984,1600071,5.985315756843656,8,3
37.21670238375133,1973722,5.50091940458156,17,4
94.30758377447076,507507,1.2150137630091806,18,3
88.69249002092695,1401367,9.924154004894701,6,4
84.6514338690278,406094,2.522410201733616,12,3
22.106337145372844,1688861,8.419985528900614,7,3
55.781322551106996,1898806,6.561618376810715,10,3
32.005983252098346,1206581,9.846697395245082,12,4
16.481481572943714,1736892,6.852980161158734,19,4
81.77853298569451,668926,4.883941300649396,11,3
73.28015447662506,1152330,7.581850110765373,0,4
50.83605469162799,895326,1.0593071255849296,6,1
57.71727832875501,895928,7.61121537043158,14,3
16.08481739577462,1925977,0.09331619827093296,0,2
74.171206151293,542882,9.918099513493635,7,3
19.395386726777485,1912287,8.000709686991595,10,3
31.092893000755417,789556,7.330712960296748,6,2
61.497824034113236,1749729,3.553845686857394,12,3
53.86956673430391,1102403,0.052296135429127366,11,3
74.57337827312321,1526445,7.495454844688883,19,5
32.69316163380791,845182,3.0560421549021486,18,2
99.63343376272474,724771,3.853758830473618,3,2
72.2070938202737,1870485,5.930443341867841,4,4
66.30420045004922,1882581,6.956181464968068,9,3
61.95893374598407,204195,1.8131927992550523,12,2
9.299063982313216,1438486,8.742624706102378,13,4
72.34047656122863,673156,5.799837874281312,19,4
56.06600944161709,1257655,6.764679372263622,17,4
60.214564405248105,1570523,3.221080042291855,13,3
14.899973614924345,543031,3.3423831869606078,5,1
20.984199485640943,1919491,5.172690564416094,15,4
37.34625961441734,1416189,3.2819275360931153,0,2
8.860042967961723,1805587,0.6254222689736844,14,3
99.83475113929497,133787,2.9944351049188667,0,2
42.1248053294072,1969059,4.961663841132195,14,3
11.833619092338733,1117541,9.911264318213037,10,3
73.99863866856118,604409,5.877693608621982,19,4
36.22354416522884,265937,1.6529411097017455,10,1
2.4191763891355245,761757,5.86479092188707,5,2
51.80787662388154,1756684,7.82581939851338,18,4
25.929675886577375,837266,3.7691416473637194,4,1
48.090600075306966,623156,4.581868867378926,4,1
70.60190076640247,1436921,0.8060151375712465,6,3
90.39133302603747,1004098,4.3685070261517955,3,3
76.55128989911097,1030997,2.2522370226848976,11,4
13.535408227768553,1811646,9.226230580877896,3,3
1.340262643216561,232503,0.5705472115125432,6,1
24.697879907199983,119675,7.87126602601604,9,2
27.1949726128631,619349,4.288868788610386,12,2
26.813902009551338,666088,4.875711936733843,10,1
6.265320345535452,905113,5.619928474668068,3,2
31.5189521097359,1703546,3.4734332625884266,14,3
2.18233967754895,1025431,5.483205837264242,14,4
88.213561428206,1738292,0.5225787928602377,11,4
78.77130155277086,1826605,7.3082096498072975,17,5
14.496507237981703,349430,1.9809763275974013,16,2
46.39324866883362,1498616,9.47035987738723,11,4
34.950637208681876,1501256,0.22035160297504186,3,2
41.798993387048434,229350,6.8375410557704255,0,2
52.33909113743665,197852,2.274094958613789,10,1
6.766836190000158,1455349,5.488386567200587,1,3
8.172534574677826,1357669,8.469187280885599,9,3
16.577454016327575,1756321,6.641879145054173,1,3
9.756251023929973,832303,4.1176554158450855,6,1
54.543186940690546,1222647,7.869701349176664,5,3
80.64036172328395,1197353,9.780618179735285,18,5
78.6278199384033,924255,3.397774715618851,19,3
54.48477590845157,633571,7.56751505688635,14,3
20.488127415071254,1769332,6.596293663947423,19,4
87.05784250460069,214586,9.466379541996071,7,3
98.49896561408751,271033,5.579807387826399,1,3
6.5204591260492055,375709,3.4366319260910307,11,2
53.870179795271426,1190547,7.983441882243283,6,3
65.6780104724294,1499384,3.973813904853165,10,2
77.56118509253275,620498,1.9560927304451503,11,3
52.33296311947413,222775,3.5667097414176476,8,1
57.75933658811575,1410292,3.1234910188551357,8,2
39.59704726624549,319055,8.969579304235344,17,3
15.7954822835348,522355,5.578201919292014,1,2
31.67616770675267,1155106,3.6310073663401043,17,3
16.885420667768614,1024133,1.4071152804875842,0,2
3.3383601786381223,1868967,8.939897100078705,15,4
15.210428322227287,1740707,7.985932723827513,13,4
8.34640849893833,495807,1.176439881593252,10,1
50.52067735766382,1516207,9.884159894120765,12,4
98.41103190364979,1987764,7.251855480273908,1,4
16.5954895295785,494341,9.79782457854522,4,2
55.975568363838256,339968,0.2936415910239232,19,2
89.02580530178021,1410077,3.790271262190974,2,3
18.741194409758222,1246332,2.9648978128331525,5,2
54.07937549855444,1310578,7.595824101146318,10,3
90.12960107746488,1391627,4.592651971732139,1,3
81.92551048714611,1935595,3.3520804737087273,15,4
71.20140203307808,1365399,0.8717946783183117,0,3
23.98741127559447,1690963,9.053598742778703,18,4
45.035097890541266,1350617,6.137774188156991,15,4
57.72497307686131,1286064,8.4144755308476,10,3
84.37373264067243,394746,6.3414213829573685,19,4
73.92947351647732,1760833,3.25104015431699,7,3
0.38171341243471435,223950,1.7488143717595939,8,1
65.52824096916582,286368,8.3704112524294,2,2
69.4150573509831,949710,3.053106766967313,2,1
76.31552912588894,543316,6.53162790531283,13,4
90.3607844346795,1565744,7.660647765353026,2,4
5.909389007825327,1860462,2.60286857566003,0,2
87.42267241383516,909178,5.6044063098044,1,3
44.70555438064254,1806533,2.2673038292351064,7,2
12.884871200025483,802098,9.768003285106593,13,3
47.90700631033512,1912336,0.4202467517140529,13,3
91.80765521991506,1183094,1.2745395942286897,18,4
97.27763228920858,1626658,7.5396190359678394,8,4
83.9460909500767,1617740,9.62810357074026,8,4
30.47510953861333,1358870,5.32675886761555,18,4
87.2753839566128,1284141,2.184431828833071,3,3
9.653447019544082,935869,0.46123564335733835,0,1
46.876796546450585,1457453,5.983574842977588,2,3
22.635149434148595,1241069,7.431931987316034,3,3
6.449127124916753,1329787,8.522638743911815,8,3
33.040800387577384,417013,8.923024981396523,15,3
23.95101699095381,721424,2.8529033835731643,11,2
58.280683508348964,1475807,7.891608465887314,4,3
25.230724983940654,144900,5.989785081772105,0,2
73.75657490928268,1549160,9.096268194365924,3,4
86.85515063202888,1104001,8.789789002822673,0,4
2.5141958277272725,591862,4.304274103209902,11,2
91.06765794351396,433997,7.738796557301564,8,3
34.08156997898466,1276371,4.433800143791878,7,2
94.81083201714422,1912005,5.916971623063255,18,5
23.74334683748063,773222,1.3169343847203852,3,1
38.45113276448126,1656396,9.70766206474783,11,4
95.05310525862035,379713,4.728971328109049,8,2
50.626605949520275,1452790,4.069719096342639,17,3
36.185309320513866,1497515,6.0407167707121925,7,3
23.885666040192767,1832969,9.715326909010507,12,4
48.20410581120825,1375303,4.697437629906838,15,3
28.068321551597432,302416,5.16572628445979,5,2
85.41359976505044,875024,2.1906880910185778,10,2
84.3924612611724,1131008,3.388606493387516,16,4
21.850983435413028,1442057,2.9348882320812164,8,2
39.70150412371917,867524,2.8456230176289754,16,2
11.38383934766014,135634,8.7986267736116,8,2
2.966822306473982,646495,7.022587660316643,18,3
45.0597018983134,1077022,2.747315255195195,0,2
38.98723529415441,1681074,4.110210752655457,7,2
67.09430047425079,1649420,6.079052140907038,15,4
29.672764110409,819449,9.550605114849889,4,2
0.15651051914729042,834042,0.02103843175883413,12,2
82.95875568652504,234832,6.037954529493877,17,4
25.669422831004585,1186787,3.838388830449795,3,2
36.90530217609166,1901874,5.963215188603684,7,3
75.11780478084181,988544,4.042397296442092,18,3
35.47712918359842,1472070,4.126753260833967,8,2
64.64500901246069,1576402,5.9366079120853845,9,3
50.21536099619869,956626,9.132869475762368,6,2
87.3698593466345,1561331,6.378770926636339,1,4
52.999152292641874,1837090,5.3396747254776376,7,3
82.0012629119356,349768,4.22034260127639,2,2
44.88530716747082,1852374,5.771998867345508,4,3
12.300329512374564,308944,2.1605136501168722,5,1
84.56043629899068,572501,8.518412368739476,3,3
67.29666223944324,331496,3.063134987782127,11,2
79.83803405183525,773218,4.5012336118193215,11,3
91.66352358412072,1479390,0.988736176406354,10,3
58.21987465941139,437913,3.7005233467425525,3,1
39.297422534529126,1912375,3.7455288702012135,4,2
64.57405100956123,1581124,8.900970351838083,0,3
94.66444339935462,1875378,0.2544775990575088,17,4
63.69023174547432,1268810,3.8587450289511596,10,2
31.12174950633936,1658309,8.47139489693785,7,3
36.459372819754,611603,5.802215187850294,5,2
45.40016211961149,1328163,1.6735973313862795,17,3
48.55896996593978,928791,9.77452117990368,2,2
96.40174071177023,1893795,0.9930220275369295,13,4
3.095579091934353,1351775,4.141502243282268,18,3
2.335209632818591,1621466,1.4706185056658838,9,2
90.00831830164807,1888028,3.703969862753065,4,3
47.40064284831559,1302821,6.029428764794615,8,3
98.40131632104642,1472236,6.0687734157693,19,5
3.0937644731341973,267647,3.403871042545057,3,1
98.01089924137669,1557640,5.537114853580112,1,4
16.833695591913024,1497556,8.336499619375855,18,4
35.61856471175942,764929,2.5933489731709445,18,2
17.71709252718655,624628,3.424479788347133,11,2
23.50372148038251,624426,5.577088262500439,18,3
16.52420504426032,256951,9.99713804155914,12,3
62.62343214210638,651050,2.0730900318755796,16,2
73.45779231214132,943601,6.234059581594401,18,4
20.131210782243325,607732,1.4798414736583476,4,1
47.554603748682666,339779,9.069428088348339,1,2
72.21432354559059,888140,4.5846642456925775,10,2
54.9322479403174,631972,7.942106625494054,19,3
46.67820772311879,1309337,9.440420938253979,16,4
94.91121430894405,989497,9.809873781626852,11,4
75.46212215985918,1095909,5.887315221313198,3,4
28.57835555258702,521280,5.627116990223392,14,3
60.575530313905666,1292639,4.9232548000118195,17,3
72.5716463219949,1859156,9.807393435834294,17,5
44.34558363819041,384334,7.645277946547177,3,2
80.6589342326277,1857346,2.004745155284028,8,3
5.947156886728077,1122892,4.391498166337483,16,3
29.84349123618767,735719,0.6245759361907144,5,1
25.60475651049543,221668,5.104324890042323,13,3
22.074548845278173,714390,0.1911609442976403,10,1
87.20483384470077,1692201,1.3443512940812186,15,4
81.97978049847275,1815880,2.7875987241455302,14,4
99.05460327701334,372647,9.94648641559998,7,3
29.461939634619316,766246,0.4416193617783126,3,1
83.41445970006758,1138336,0.6902954088784963,12,4
75.34279222569691,1680932,8.219266359399297,8,4
76.61159327955862,1037635,7.000342727721044,7,4
39.9100188073723,121281,0.7764933467160506,3,1
40.71064891256276,494597,3.061373408795932,7,1
11.099809879131485,657243,5.770406644619108,1,2
0.608874823983907,1625842,5.225765993367451,15,4
68.17486440901612,695600,5.006242680704178,9,2
24.22312178245669,1098757,0.5022601146397376,1,2
71.01100564217066,1605463,2.9529049404794327,1,3
28.10044989087136,1217063,2.9251509107074183,6,2
47.64369863437916,754224,6.404760421758439,12,3
60.34930960433786,1784532,4.161214280710923,16,3
71.97914533546862,1106111,4.49349742039642,9,3
82.14319916425933,1698099,6.826172212234024,13,5
46.31727167513417,1295885,8.225347943841967,14,4
55.25009674078891,745822,1.1995369302388992,7,1
27.140938044671437,587030,1.5862414452637796,1,1
13.382836299969314,800769,7.217215527171793,8,2
74.86452341262,976110,1.0274825245242336,16,3
51.11291392372298,937393,2.761695578208995,5,1
89.57267259261728,1211127,8.393384923560024,8,4
34.03707463057627,180811,7.409040561520714,10,2
82.67146599310183,302346,2.7039328638452553,1,2
31.334791758514314,1638659,9.071998215606223,18,4
43.381741957652956,1281872,3.773136614063236,11,3
67.5140061149668,1388592,6.870192665032428,0,3
93.01709654384246,144760,7.038570916343312,9,3
13.911584889108752,1496436,7.130460506343187,12,4
18.280723665690047,611511,7.61037790250783,16,3
67.61082314144112,678328,2.9805220863944317,19,2
78.18238633449356,556331,9.994662482156308,16,4
36.005046590097834,1203151,3.8512011990250006,8,2
47.59677310116559,691343,2.0888272400516374,13,2
77.07806182638798,1989128,0.523550201874724,8,3
18.60230000056656,1438084,8.221798868164234,1,3
21.199405469865805,645096,8.697631766817107,0,2
79.62405955628543,601590,6.077521222527226,1,3
39.47343538448281,715175,6.516397604772766,17,3
73.70965504320512,1394315,0.5219862904497163,7,3
46.815414130103036,416480,8.902150026361744,10,2
36.77859877561529,388816,1.115122123212764,9,1
54.38057278662374,1205710,8.354802257421944,13,4
24.188888355414594,1921797,3.3734554676909267,16,3
12.436839900051023,394025,0.3142182151127293,2,1
40.42897472548691,855728,9.060658856863652,19,3
0.992382112783563,1079114,8.776470196507814,5,3
76.23090320219387,1513238,7.739913781527625,14,5
21.980534882319002,832763,9.760138232792135,9,2
77.0158211757096,214397,3.677336508051099,4,2
26.55828329586061,392575,2.933086107805647,0,1
73.90265577879586,610470,3.480955931682881,11,3
0.1353625715468154,1859604,6.464587416379305,6,3
87.92551148463846,1333202,0.23594964645529126,10,3
82.97631202876448,914038,7.803761235709804,7,3
20.70949181765712,878883,8.994552125461016,8,2
93.73784381643208,1235841,4.840770697102016,14,4
5.971648897088933,1197643,0.5784444944716061,7,2
94.27243190941122,242980,5.307373552868358,19,4
54.448233280026294,1671982,5.612935429484027,8,3
20.498120952681642,277241,1.9583308413427003,9,1
89.60751117945733,213688,7.813218557473051,12,4
27.623732497515306,993388,8.111237699334708,7,2
90.64209639144369,1417726,6.74130295536063,10,4
80.98601873605861,656718,9.174858431319903,14,4
6.06289260664682,350541,0.6220322616470275,16,2
93.0606804846537,1139955,6.309217902291634,10,4
4.456382344867915,593216,9.579341210567705,1,2
24.189329411288917,595164,9.490711963148438,13,3
7.623921797356448,1344453,9.28660287014883,17,4
54.68596409751262,667597,4.328160022094693,2,1
16.574977982015593,1084156,4.813333765356649,12,3
4.997902865967873,1766208,1.3699906305367138,10,2
79.31428739967394,1256618,3.9185829640907888,11,4
96.06269755131997,737199,6.365386467533543,15,4
40.667406999858315,1746266,9.81143731791822,11,4
25.954178317609035,1998769,5.93560935378786,5,3
62.234326461724606,1048377,0.1419004939576718,11,3
79.25951162883833,890074,3.5504105645195825,16,3
96.01356044054472,1217007,9.773079079915037,7,4
16.16714362369619,1549991,7.7308904169746615,3,3
24.734031581908333,1074250,6.666004790466192,19,4
56.50853124527563,712181,8.5520698501837,11,3
1.2103116776107425,1171177,7.844208580034176,9,3
80.47531219896949,779892,2.2207587069332058,7,2
84.8042089601484,1585255,8.082754395559377,4,4
24.580743930615302,1906684,4.80890146603009,12,3
0.04427814372078842,168323,2.8888493890916567,1,1
99.32550154229641,207096,7.61007923495392,16,4
63.54436456595226,1773619,7.542649733470227,2,3
5.770292841589885,226310,5.771225860383208,13,3
62.203956237099376,1194316,2.5100138326230024,19,3
57.38412541045134,428785,6.566310737078761,17,3
90.22364034622382,1828665,9.182390866754371,19,5
2.751918514041529,742762,7.5177217303909325,4,2
3.601881829142639,1891376,1.4817792822994547,12,3
22.489021681591247,1080547,5.816222929891936,10,3
56.33246420330467,1198388,5.166983852262677,18,4
28.249606597285226,199003,4.301028765298001,6,1
84.58495504599676,369956,4.194479939573136,3,2
82.31608307088592,1025779,4.975398521461022,19,4
20.44608860547118,1930791,1.8613589775334793,18,3
59.38024808096155,507085,2.0707580921085524,3,1
29.524180248964214,538242,5.069204379618347,2,2
9.505304553269278,471994,8.35825927910516,3,2
69.36180574737952,644279,3.526026059288582,3,1
15.159507480009937,1795672,4.632936532727968,19,3
42.52281854376939,1055230,1.2786680122241756,8,2
0.0011634755366141114,365976,0.6133095564328261,5,1
5.4634420000972295,1912105,2.005602510729829,6,2
30.419871963628086,1094620,4.374819266082097,18,3
5.190094358730901,962147,9.668454997992853,5,2
73.17247365642129,145475,7.418963269587151,4,3
75.90689392583757,1199577,3.0293090564042924,4,3
71.26213330985128,1702970,2.7143857763420023,15,4
90.19401967491501,327189,4.05751168615061,15,3
75.42482596820807,653172,5.42471003462656,7,3
66.10142542473203,1520858,4.144697155393433,9,2
70.93208284726096,1513562,2.690196467983105,8,3
26.884674245284334,169087,0.42422298206891695,16,2
60.15538792998241,843859,6.321594991864574,4,2
10.251596406647446,884192,7.0848969749279735,18,3
36.92807702155411,1421448,4.48813645746606,1,2
69.72093819096368,488518,4.617161438131191,0,1
12.203049432184866,637977,7.289810616558165,16,3
3.085790430807245,690504,1.9524060295649204,12,2
21.339334797568952,560115,9.785254683891406,2,2
11.8874391177072,403664,7.270567616153901,14,3
43.53242214552362,808672,3.119840203264185,14,2
50.66726489827458,229887,7.344439320755915,17,3
1.6061864981006146,1959626,8.389973277180108,7,3
79.75473605371994,912832,9.70257109726057,3,3
55.898063409977404,578108,8.171281420155852,0,2
96.70352752561462,1814514,4.295959435760647,4,3
71.845394732255,1542181,1.1849235876840059,15,4
80.00034817636814,1468722,3.965536819899632,10,3
86.52957589089124,300339,6.771524124576737,11,4
29.004553196243688,1475607,8.164107849650307,4,3
7.089157589128536,1659757,6.248740996069989,2,3
85.06802606048463,1497330,6.279933826040981,19,5
67.40199190587927,434971,1.8691444060846163,11,2
28.76327290436782,684010,1.914276804995425,11,2
62.12924490496101,381696,4.3054020950719,13,2
60.55047666158765,363031,7.837598424841072,17,3
43.276687959926264,1754802,6.775409455035341,1,3
20.540140847802935,501062,9.444485826943033,12,3
78.48618229588801,479270,6.322821536376399,13,4
78.09958936149914,583455,7.509397983633183,19,4
27.785277608971228,1990641,9.412724482418517,8,3
98.0368740942185,614265,4.50116526474811,9,2
17.936468201221047,1909977,1.133035047274642,8,2
73.78849848346061,752755,4.227286368939323,16,3
39.76123785528706,598682,6.054826692144046,1,2
48.303969755889,1514657,2.874616648972501,9,2
68.97788492481212,1763129,6.036372005593751,6,3
17.211060282277767,1084558,9.51423220845566,8,3
9.206698608247542,1868555,4.580222116682587,2,2
64.85048201186882,1440829,6.4163190882735455,2,3
37.32598144627589,887738,6.760262880525475,0,2
67.20560387522534,361445,3.129073942136482,3,1
24.952436683824864,380833,8.660956336116914,0,2
11.706604142416865,1621624,1.5482861259771985,14,3
21.308500868480817,496210,8.829938248297731,3,2
70.11395944174737,1922744,0.5048894441240792,0,3
1.5394891691308477,1845987,9.362671394132192,8,3
45.02542461428904,364064,2.204836934733041,8,1
83.98016066644267,375049,7.394082298313118,5,3
97.70069544389435,1519920,4.98040393056869,17,4
9.26254830513672,1549466,0.8430131461135038,14,3
25.871164215544095,1479932,5.12726394261776,18,4
58.945398948469716,144816,5.468759658760446,8,2
24.202207998087722,896883,2.040246657385787,6,1
19.92703364668008,223030,0.5001857682111222,19,2
1.3745554011345251,1514718,3.5597103248839437,13,3
27.080632803697256,105039,9.11168285180079,10,2
45.894051659682034,1438306,2.1534438138255263,0,2
67.28716685980798,505841,3.7220039182521925,9,1
88.49643081805878,1087410,4.935009921544083,12,4
78.67695033571273,462441,5.136110465443245,13,4
29.149574092372287,1108109,3.7111293843012785,8,2
20.62174050841399,1828106,5.383319432557134,16,4
86.5193347397811,1036800,8.953460891531693,8,4
3.500791480680565,1233754,4.543454230676551,10,2
63.795426268473875,731525,4.276013337033373,3,1
53.502550459893286,1580298,9.362806214689266,17,4
82.47432373470076,1778997,7.850977140957076,12,5
30.1046077834313,915359,4.076328579796558,10,1
49.10957293831652,1615331,2.1002934951628163,0,2
76.44407280755044,113261,0.11492473298115313,0,2
92.40268704257329,375796,1.6046261427122643,4,2
78.65223823908471,737787,6.642193849889683,6,3
72.05655486444061,1458126,6.851343098744841,2,4
80.58445326178331,752416,3.0980687532246898,9,2
53.55538148796726,1992628,7.425308328404214,19,4
87.26358025468353,867286,2.160601162447664,4,2
32.67425420300408,1908361,3.735201768996875,6,2
23.178359028935002,1171984,1.025679625835898,8,2
7.764077598878128,1208076,5.0313247255154,8,3
85.88167711681547,885833,8.843765470229712,11,4
85.87642793494722,1427042,4.145160648167923,8,3
16.036540611974313,1412420,4.110936088804397,13,3
38.480361722110324,609551,1.1755130015021997,16,2
74.06261488943706,870644,7.187396178535303,5,3
78.94321941951912,1817853,1.613628010553837,0,3
34.52299536699724,694557,1.657481769652207,9,1
88.16624823327128,1825049,3.542713272172157,18,4
22.236130474817028,879976,2.118943304401091,10,1
24.535231416621105,593814,2.437294825243418,18,2
33.56738330390596,1676317,9.598628027134552,7,3
98.62466719514015,894760,4.157751035233219,0,2
54.090500383808084,704489,4.1186474041749594,9,1
17.169390770544958,584273,3.2755216518013244,12,2
87.05269662693841,406081,0.22141475472629457,14,3
11.539464217891737,826448,4.957037502318911,6,1
14.284196481433186,869305,5.122847572434851,12,3
39.1859373188026,817104,6.788977250778405,16,3
95.1442028725681,624480,0.18124041045729733,16,3
85.7308902360841,1795994,4.7425502097695365,14,4
88.56197642417733,1048202,6.886316293078756,15,5
0.9978776658449373,1384763,6.972754190538569,0,3
46.50552483006444,732405,8.433261677878832,18,3
12.73864160003393,1614101,7.9155820259137,13,4
51.05617954093381,1329458,8.549740195614744,12,4
48.434442629150865,890666,0.7569972730978747,7,1
1.5508330626592182,616479,2.0347274249759586,7,1
87.73504531328386,1151339,1.817232932281565,7,3
96.80658120507589,780667,5.455851826691478,16,4
7.410542257486707,892908,8.038145451934467,14,3
23.154843596504882,800636,5.590592849466022,2,2
22.011132590475313,1916245,7.29234742913643,7,3
6.8713677723960975,1962205,3.74480399968017,19,3
4.53192789608946,1541246,7.087656552291542,10,3
83.13677062219699,273311,4.839893681797472,1,2
77.28095732903374,440686,0.48657663661713313,3,2
76.65150495325847,1034137,5.480323566642401,15,5
75.17469923958404,1249734,6.774734148234729,19,5
14.032451819351499,1212548,2.072422997688783,11,3
74.22531871990871,1708795,1.9497519990028922,5,3
74.99777984520708,208944,2.5823101966616004,2,2
43.31631113151664,1718777,8.891279239400099,4,3
54.164641821675986,1073737,3.0690451319457,12,3
71.2777676216831,554151,5.885049351589888,7,3
59.9771314970498,897057,4.24850842868087,11,2
72.43444063295397,735274,1.8792038081532303,16,3
58.466809016582474,1602385,3.827987644363878,17,3
95.84978356677402,1915920,2.7194603941844875,5,3
53.32513992791025,284514,9.390684794502915,0,2
